,Annual Return,Annual Volatility,Sharpe Ratio,Max Drawdown
Equal-Weight,0.21057734851340545,0.2971890314213055,0.7085636623475638,-0.4496670833068514
Minimum-Variance,0.14335427637946857,0.25823810962282046,0.5551244027802485,-0.3608613424715699
Max Sharpe,0.2753442480126917,0.3238346149687402,0.8502619401550717,-0.5174721946769276
